dir,file_name,exponential_smoothing,arima,xgboost
realKnownCause,ambient_temperature_system_failure.csv,2.732477826909118,3.3338708735733777,2.8814781768433884
realKnownCause,cpu_utilization_asg_misconfiguration.csv,7.640963109534618,13.233344376866201,13.29075363919104
realKnownCause,ec2_request_latency_system_failure.csv,1.6268838618168215,1.7114104702780875,1.6295359583074394
realKnownCause,machine_temperature_system_failure.csv,14.200435707365372,13.134607675143076,14.49980502634906
realKnownCause,nyc_taxi.csv,4077.600110439918,5800.239237648739,3682.8505249220516
realKnownCause,rogue_agent_key_hold.csv,0.041431642581488896,0.03958434558626718,0.05510330075855348
realKnownCause,rogue_agent_key_updown.csv,1.158623690498001,0.9778810626874168,0.8203060723031048
