dir,file_name,exponential_smoothing,arima,xgboost
realAdExchange,exchange-2_cpc_results.csv,0.014085522659615905,0.03982344629700707,0.014942435503864648
realAdExchange,exchange-2_cpm_results.csv,0.06448353252291643,0.13444456440004043,0.06788285297292135
realAdExchange,exchange-3_cpc_results.csv,0.030153180030056015,0.035637924354173504,0.030289228936607595
realAdExchange,exchange-3_cpm_results.csv,0.1848654349391878,0.40712147448614444,0.27436929234246543
realAdExchange,exchange-4_cpc_results.csv,0.04387082368261045,0.04663620716568602,0.04651033933433597
realAdExchange,exchange-4_cpm_results.csv,0.228933505817243,0.23210168552712246,0.22817780411028896
