dir,file_name,exponential_smoothing,arima,xgboost
realAdExchange,exchange-2_cpc_results.csv,1.4568414688110352,0.7345290184020996,2.2603416442871094
realAdExchange,exchange-2_cpm_results.csv,1.6004080772399902,8.854248285293579,1.558422565460205
realAdExchange,exchange-3_cpc_results.csv,1.6533796787261963,19.933056831359863,1.3585174083709717
realAdExchange,exchange-3_cpm_results.csv,1.696617603302002,1.3962113857269287,1.8608222007751465
realAdExchange,exchange-4_cpc_results.csv,1.6411519050598145,18.576991319656372,1.6286296844482422
realAdExchange,exchange-4_cpm_results.csv,1.822876214981079,6.391324281692505,1.616318941116333
