dir,file_name,exponential_smoothing,arima,xgboost
realKnownCause,ambient_temperature_system_failure.csv,3.2981345653533936,94.57481360435486,8.063552379608154
realKnownCause,cpu_utilization_asg_misconfiguration.csv,9.368743419647217,80.49052500724792,6.337610721588135
realKnownCause,ec2_request_latency_system_failure.csv,2.3039770126342773,6.994175672531128,2.4029929637908936
realKnownCause,machine_temperature_system_failure.csv,7.045074939727783,56.625675439834595,6.555193901062012
realKnownCause,nyc_taxi.csv,26.115203142166138,70.51711511611938,6.014169454574585
realKnownCause,rogue_agent_key_hold.csv,2.4723806381225586,26.354917287826538,2.150564432144165
realKnownCause,rogue_agent_key_updown.csv,3.9257915019989014,4.880272388458252,2.4262993335723877
