dir,file_name,exponential_smoothing,arima,xgboost
realAdExchange,exchange-2_cpc_results.csv,1.3046600818634033,0.7106890678405762,2.31607985496521
realAdExchange,exchange-2_cpm_results.csv,1.6384446620941162,10.040032863616943,0.9755575656890869
realAdExchange,exchange-3_cpc_results.csv,1.735121250152588,14.71626901626587,0.8605070114135742
realAdExchange,exchange-3_cpm_results.csv,1.7603416442871094,1.8275818824768066,1.2856025695800781
realAdExchange,exchange-4_cpc_results.csv,1.7081058025360107,23.710819959640503,1.8701164722442627
realAdExchange,exchange-4_cpm_results.csv,1.786607265472412,5.66963005065918,1.4411978721618652
